qubits,state_secs,amp_secs,amp_re,amp_im,amp_norm
4,0.000600709,0.000035583,1,0,1
5,0.001536291,0.000048166,1,0,1
6,0.003931291,0.000063042,1,0,1
7,0.010147541,0.000079833,1,0,1
8,0.025995541,0.00010075,1,0,1
9,0.062091292,0.000117375,1,0,1
10,0.145984166,0.000139208,1,0,1
11,0.340558041,0.000164291,1,0,1
12,0.789236,0.000197916,1,0,1
13,1.8270279999999999,0.000219083,1,0,1
14,4.167314875,0.000250625,1,0,1
15,9.698771875,0.000278042,1,0,1
